Passager0;Survived;Pclass;Sex;Age;SibSp;Parch;Embarked
Passager1;0;3;1;22;1;0;1
Passager2;1;1;0;38;1;0;2
Passager3;1;3;0;26;0;0;1
Passager4;1;1;0;35;1;0;1
Passager5;0;3;1;35;0;0;1
Passager6;0;3;1;0;0;0;3
Passager7;0;1;1;54;0;0;1
Passager8;0;3;1;2;3;1;1
Passager9;1;3;0;27;0;2;1
Passager10;1;2;0;14;1;0;2
Passager11;1;3;0;4;1;1;1
Passager12;1;1;0;58;0;0;1
Passager13;0;3;1;20;0;0;1
Passager14;0;3;1;39;1;5;1
Passager15;0;3;0;14;0;0;1
Passager16;1;2;0;55;0;0;1
Passager17;0;3;1;2;4;1;3
Passager18;1;2;1;0;0;0;1
Passager19;0;3;0;31;1;0;1
Passager20;1;3;0;0;0;0;2
Passager21;0;2;1;35;0;0;1
Passager22;1;2;1;34;0;0;1
Passager23;1;3;0;15;0;0;3
Passager24;1;1;1;28;0;0;1
Passager25;0;3;0;8;3;1;1
Passager26;1;3;0;38;1;5;1
Passager27;0;3;1;0;0;0;2
Passager28;0;1;1;19;3;2;1
Passager29;1;3;0;0;0;0;3
Passager30;0;3;1;0;0;0;1
Passager31;0;1;1;40;0;0;2
Passager32;1;1;0;0;1;0;2
Passager33;1;3;0;0;0;0;3
Passager34;0;2;1;66;0;0;1
Passager35;0;1;1;28;1;0;2
Passager36;0;1;1;42;1;0;1
Passager37;1;3;1;0;0;0;2
Passager38;0;3;1;21;0;0;1
Passager39;0;3;0;18;2;0;1
Passager40;1;3;0;14;1;0;2
Passager41;0;3;0;40;1;0;1
Passager42;0;2;0;27;1;0;1
Passager43;0;3;1;0;0;0;2
Passager44;1;2;0;3;1;2;2
Passager45;1;3;0;19;0;0;3
Passager46;0;3;1;0;0;0;1
Passager47;0;3;1;0;1;0;3
Passager48;1;3;0;0;0;0;3
Passager49;0;3;1;0;2;0;2
Passager50;0;3;0;18;1;0;1
Passager51;0;3;1;7;4;1;1
Passager52;0;3;1;21;0;0;1
Passager53;1;1;0;49;1;0;2
Passager54;1;2;0;29;1;0;1
Passager55;0;1;1;65;0;1;2
Passager56;1;1;1;0;0;0;1
Passager57;1;2;0;21;0;0;1
Passager58;0;3;1;28,5;0;0;2
Passager59;1;2;0;5;1;2;1
Passager60;0;3;1;11;5;2;1
Passager61;0;3;1;22;0;0;2
Passager62;1;1;0;38;0;0;0
Passager63;0;1;1;45;1;0;1
Passager64;0;3;1;4;3;2;1
Passager65;0;1;1;0;0;0;2
Passager66;1;3;1;0;1;1;2
Passager67;1;2;0;29;0;0;1
Passager68;0;3;1;19;0;0;1
Passager69;1;3;0;17;4;2;1
Passager70;0;3;1;26;2;0;1
Passager71;0;2;1;32;0;0;1
Passager72;0;3;0;16;5;2;1
Passager73;0;2;1;21;0;0;1
Passager74;0;3;1;26;1;0;2
Passager75;1;3;1;32;0;0;1
Passager76;0;3;1;25;0;0;1
Passager77;0;3;1;0;0;0;1
Passager78;0;3;1;0;0;0;1
Passager79;1;2;1;0,83;0;2;1
Passager80;1;3;0;30;0;0;1
Passager81;0;3;1;22;0;0;1
Passager82;1;3;1;29;0;0;1
Passager83;1;3;0;0;0;0;3
Passager84;0;1;1;28;0;0;1
Passager85;1;2;0;17;0;0;1
Passager86;1;3;0;33;3;0;1
Passager87;0;3;1;16;1;3;1
Passager88;0;3;1;0;0;0;1
Passager89;1;1;0;23;3;2;1
Passager90;0;3;1;24;0;0;1
Passager91;0;3;1;29;0;0;1
Passager92;0;3;1;20;0;0;1
Passager93;0;1;1;46;1;0;1
Passager94;0;3;1;26;1;2;1
Passager95;0;3;1;59;0;0;1
Passager96;0;3;1;0;0;0;1
Passager97;0;1;1;71;0;0;2
Passager98;1;1;1;23;0;1;2
Passager99;1;2;0;34;0;1;1
Passager100;0;2;1;34;1;0;1
Passager101;0;3;0;28;0;0;1
Passager102;0;3;1;0;0;0;1
Passager103;0;1;1;21;0;1;1
Passager104;0;3;1;33;0;0;1
Passager105;0;3;1;37;2;0;1
Passager106;0;3;1;28;0;0;1
Passager107;1;3;0;21;0;0;1
Passager108;1;3;1;0;0;0;1
Passager109;0;3;1;38;0;0;1
Passager110;1;3;0;0;1;0;3
Passager111;0;1;1;47;0;0;1
Passager112;0;3;0;14,5;1;0;2
Passager113;0;3;1;22;0;0;1
Passager114;0;3;0;20;1;0;1
Passager115;0;3;0;17;0;0;2
Passager116;0;3;1;21;0;0;1
Passager117;0;3;1;70,5;0;0;3
Passager118;0;2;1;29;1;0;1
Passager119;0;1;1;24;0;1;2
Passager120;0;3;0;2;4;2;1
Passager121;0;2;1;21;2;0;1
Passager122;0;3;1;0;0;0;1
Passager123;0;2;1;32,5;1;0;2
Passager124;1;2;0;32,5;0;0;1
Passager125;0;1;1;54;0;1;1
Passager126;1;3;1;12;1;0;2
Passager127;0;3;1;0;0;0;3
Passager128;1;3;1;24;0;0;1
Passager129;1;3;0;0;1;1;2
Passager130;0;3;1;45;0;0;1
Passager131;0;3;1;33;0;0;2
Passager132;0;3;1;20;0;0;1
Passager133;0;3;0;47;1;0;1
Passager134;1;2;0;29;1;0;1
Passager135;0;2;1;25;0;0;1
Passager136;0;2;1;23;0;0;2
Passager137;1;1;0;19;0;2;1
Passager138;0;1;1;37;1;0;1
Passager139;0;3;1;16;0;0;1
Passager140;0;1;1;24;0;0;2
Passager141;0;3;0;0;0;2;2
Passager142;1;3;0;22;0;0;1
Passager143;1;3;0;24;1;0;1
Passager144;0;3;1;19;0;0;3
Passager145;0;2;1;18;0;0;1
Passager146;0;2;1;19;1;1;1
Passager147;1;3;1;27;0;0;1
Passager148;0;3;0;9;2;2;1
Passager149;0;2;1;36,5;0;2;1
Passager150;0;2;1;42;0;0;1
Passager151;0;2;1;51;0;0;1
Passager152;1;1;0;22;1;0;1
Passager153;0;3;1;55,5;0;0;1
Passager154;0;3;1;40,5;0;2;1
Passager155;0;3;1;0;0;0;1
Passager156;0;1;1;51;0;1;2
Passager157;1;3;0;16;0;0;3
Passager158;0;3;1;30;0;0;1
Passager159;0;3;1;0;0;0;1
Passager160;0;3;1;0;8;2;1
Passager161;0;3;1;44;0;1;1
Passager162;1;2;0;40;0;0;1
Passager163;0;3;1;26;0;0;1
Passager164;0;3;1;17;0;0;1
Passager165;0;3;1;1;4;1;1
Passager166;1;3;1;9;0;2;1
Passager167;1;1;0;0;0;1;1
Passager168;0;3;0;45;1;4;1
Passager169;0;1;1;0;0;0;1
Passager170;0;3;1;28;0;0;1
Passager171;0;1;1;61;0;0;1
Passager172;0;3;1;4;4;1;3
Passager173;1;3;0;1;1;1;1
Passager174;0;3;1;21;0;0;1
Passager175;0;1;1;56;0;0;2
Passager176;0;3;1;18;1;1;1
Passager177;0;3;1;0;3;1;1
Passager178;0;1;0;50;0;0;2
Passager179;0;2;1;30;0;0;1
Passager180;0;3;1;36;0;0;1
Passager181;0;3;0;0;8;2;1
Passager182;0;2;1;0;0;0;2
Passager183;0;3;1;9;4;2;1
Passager184;1;2;1;1;2;1;1
Passager185;1;3;0;4;0;2;1
Passager186;0;1;1;0;0;0;1
Passager187;1;3;0;0;1;0;3
Passager188;1;1;1;45;0;0;1
Passager189;0;3;1;40;1;1;3
Passager190;0;3;1;36;0;0;1
Passager191;1;2;0;32;0;0;1
Passager192;0;2;1;19;0;0;1
Passager193;1;3;0;19;1;0;1
Passager194;1;2;1;3;1;1;1
Passager195;1;1;0;44;0;0;2
Passager196;1;1;0;58;0;0;2
Passager197;0;3;1;0;0;0;3
Passager198;0;3;1;42;0;1;1
Passager199;1;3;0;0;0;0;3
Passager200;0;2;0;24;0;0;1
Passager201;0;3;1;28;0;0;1
Passager202;0;3;1;0;8;2;1
Passager203;0;3;1;34;0;0;1
Passager204;0;3;1;45,5;0;0;2
Passager205;1;3;1;18;0;0;1
Passager206;0;3;0;2;0;1;1
Passager207;0;3;1;32;1;0;1
Passager208;1;3;1;26;0;0;2
Passager209;1;3;0;16;0;0;3
Passager210;1;1;1;40;0;0;2
Passager211;0;3;1;24;0;0;1
Passager212;1;2;0;35;0;0;1
Passager213;0;3;1;22;0;0;1
Passager214;0;2;1;30;0;0;1
Passager215;0;3;1;0;1;0;3
Passager216;1;1;0;31;1;0;2
Passager217;1;3;0;27;0;0;1
Passager218;0;2;1;42;1;0;1
Passager219;1;1;0;32;0;0;2
Passager220;0;2;1;30;0;0;1
Passager221;1;3;1;16;0;0;1
Passager222;0;2;1;27;0;0;1
Passager223;0;3;1;51;0;0;1
Passager224;0;3;1;0;0;0;1
Passager225;1;1;1;38;1;0;1
Passager226;0;3;1;22;0;0;1
Passager227;1;2;1;19;0;0;1
Passager228;0;3;1;20,5;0;0;1
Passager229;0;2;1;18;0;0;1
Passager230;0;3;0;0;3;1;1
Passager231;1;1;0;35;1;0;1
Passager232;0;3;1;29;0;0;1
Passager233;0;2;1;59;0;0;1
Passager234;1;3;0;5;4;2;1
Passager235;0;2;1;24;0;0;1
Passager236;0;3;0;0;0;0;1
Passager237;0;2;1;44;1;0;1
Passager238;1;2;0;8;0;2;1
Passager239;0;2;1;19;0;0;1
Passager240;0;2;1;33;0;0;1
Passager241;0;3;0;0;1;0;2
Passager242;1;3;0;0;1;0;3
Passager243;0;2;1;29;0;0;1
Passager244;0;3;1;22;0;0;1
Passager245;0;3;1;30;0;0;2
Passager246;0;1;1;44;2;0;3
Passager247;0;3;0;25;0;0;1
Passager248;1;2;0;24;0;2;1
Passager249;1;1;1;37;1;1;1
Passager250;0;2;1;54;1;0;1
Passager251;0;3;1;0;0;0;1
Passager252;0;3;0;29;1;1;1
Passager253;0;1;1;62;0;0;1
Passager254;0;3;1;30;1;0;1
Passager255;0;3;0;41;0;2;1
Passager256;1;3;0;29;0;2;2
Passager257;1;1;0;0;0;0;2
Passager258;1;1;0;30;0;0;1
Passager259;1;1;0;35;0;0;2
Passager260;1;2;0;50;0;1;1
Passager261;0;3;1;0;0;0;3
Passager262;1;3;1;3;4;2;1
Passager263;0;1;1;52;1;1;1
Passager264;0;1;1;40;0;0;1
Passager265;0;3;0;0;0;0;3
Passager266;0;2;1;36;0;0;1
Passager267;0;3;1;16;4;1;1
Passager268;1;3;1;25;1;0;1
Passager269;1;1;0;58;0;1;1
Passager270;1;1;0;35;0;0;1
Passager271;0;1;1;0;0;0;1
Passager272;1;3;1;25;0;0;1
Passager273;1;2;0;41;0;1;1
Passager274;0;1;1;37;0;1;2
Passager275;1;3;0;0;0;0;3
Passager276;1;1;0;63;1;0;1
Passager277;0;3;0;45;0;0;1
Passager278;0;2;1;0;0;0;1
Passager279;0;3;1;7;4;1;3
Passager280;1;3;0;35;1;1;1
Passager281;0;3;1;65;0;0;3
Passager282;0;3;1;28;0;0;1
Passager283;0;3;1;16;0;0;1
Passager284;1;3;1;19;0;0;1
Passager285;0;1;1;0;0;0;1
Passager286;0;3;1;33;0;0;2
Passager287;1;3;1;30;0;0;1
Passager288;0;3;1;22;0;0;1
Passager289;1;2;1;42;0;0;1
Passager290;1;3;0;22;0;0;3
Passager291;1;1;0;26;0;0;1
Passager292;1;1;0;19;1;0;2
Passager293;0;2;1;36;0;0;2
Passager294;0;3;0;24;0;0;1
Passager295;0;3;1;24;0;0;1
Passager296;0;1;1;0;0;0;2
Passager297;0;3;1;23,5;0;0;2
Passager298;0;1;0;2;1;2;1
Passager299;1;1;1;0;0;0;1
Passager300;1;1;0;50;0;1;2
Passager301;1;3;0;0;0;0;3
Passager302;1;3;1;0;2;0;3
Passager303;0;3;1;19;0;0;1
Passager304;1;2;0;0;0;0;3
Passager305;0;3;1;0;0;0;1
Passager306;1;1;1;0,92;1;2;1
Passager307;1;1;0;0;0;0;2
Passager308;1;1;0;17;1;0;2
Passager309;0;2;1;30;1;0;2
Passager310;1;1;0;30;0;0;2
Passager311;1;1;0;24;0;0;2
Passager312;1;1;0;18;2;2;2
Passager313;0;2;0;26;1;1;1
Passager314;0;3;1;28;0;0;1
Passager315;0;2;1;43;1;1;1
Passager316;1;3;0;26;0;0;1
Passager317;1;2;0;24;1;0;1
Passager318;0;2;1;54;0;0;1
Passager319;1;1;0;31;0;2;1
Passager320;1;1;0;40;1;1;2
Passager321;0;3;1;22;0;0;1
Passager322;0;3;1;27;0;0;1
Passager323;1;2;0;30;0;0;3
Passager324;1;2;0;22;1;1;1
Passager325;0;3;1;0;8;2;1
Passager326;1;1;0;36;0;0;2
Passager327;0;3;1;61;0;0;1
Passager328;1;2;0;36;0;0;1
Passager329;1;3;0;31;1;1;1
Passager330;1;1;0;16;0;1;2
Passager331;1;3;0;0;2;0;3
Passager332;0;1;1;45,5;0;0;1
Passager333;0;1;1;38;0;1;1
Passager334;0;3;1;16;2;0;1
Passager335;1;1;0;0;1;0;1
Passager336;0;3;1;0;0;0;1
Passager337;0;1;1;29;1;0;1
Passager338;1;1;0;41;0;0;2
Passager339;1;3;1;45;0;0;1
Passager340;0;1;1;45;0;0;1
Passager341;1;2;1;2;1;1;1
Passager342;1;1;0;24;3;2;1
Passager343;0;2;1;28;0;0;1
Passager344;0;2;1;25;0;0;1
Passager345;0;2;1;36;0;0;1
Passager346;1;2;0;24;0;0;1
Passager347;1;2;0;40;0;0;1
Passager348;1;3;0;0;1;0;1
Passager349;1;3;1;3;1;1;1
Passager350;0;3;1;42;0;0;1
Passager351;0;3;1;23;0;0;1
Passager352;0;1;1;0;0;0;1
Passager353;0;3;1;15;1;1;2
Passager354;0;3;1;25;1;0;1
Passager355;0;3;1;0;0;0;2
Passager356;0;3;1;28;0;0;1
Passager357;1;1;0;22;0;1;1
Passager358;0;2;0;38;0;0;1
Passager359;1;3;0;0;0;0;3
Passager360;1;3;0;0;0;0;3
Passager361;0;3;1;40;1;4;1
Passager362;0;2;1;29;1;0;2
Passager363;0;3;0;45;0;1;2
Passager364;0;3;1;35;0;0;1
Passager365;0;3;1;0;1;0;3
Passager366;0;3;1;30;0;0;1
Passager367;1;1;0;60;1;0;2
Passager368;1;3;0;0;0;0;2
Passager369;1;3;0;0;0;0;3
Passager370;1;1;0;24;0;0;2
Passager371;1;1;1;25;1;0;2
Passager372;0;3;1;18;1;0;1
Passager373;0;3;1;19;0;0;1
Passager374;0;1;1;22;0;0;2
Passager375;0;3;0;3;3;1;1
Passager376;1;1;0;0;1;0;2
Passager377;1;3;0;22;0;0;1
Passager378;0;1;1;27;0;2;2
Passager379;0;3;1;20;0;0;2
Passager380;0;3;1;19;0;0;1
Passager381;1;1;0;42;0;0;2
Passager382;1;3;0;1;0;2;2
Passager383;0;3;1;32;0;0;1
Passager384;1;1;0;35;1;0;1
Passager385;0;3;1;0;0;0;1
Passager386;0;2;1;18;0;0;1
Passager387;0;3;1;1;5;2;1
Passager388;1;2;0;36;0;0;1
Passager389;0;3;1;0;0;0;3
Passager390;1;2;0;17;0;0;2
Passager391;1;1;1;36;1;2;1
Passager392;1;3;1;21;0;0;1
Passager393;0;3;1;28;2;0;1
Passager394;1;1;0;23;1;0;2
Passager395;1;3;0;24;0;2;1
Passager396;0;3;1;22;0;0;1
Passager397;0;3;0;31;0;0;1
Passager398;0;2;1;46;0;0;1
Passager399;0;2;1;23;0;0;1
Passager400;1;2;0;28;0;0;1
Passager401;1;3;1;39;0;0;1
Passager402;0;3;1;26;0;0;1
Passager403;0;3;0;21;1;0;1
Passager404;0;3;1;28;1;0;1
Passager405;0;3;0;20;0;0;1
Passager406;0;2;1;34;1;0;1
Passager407;0;3;1;51;0;0;1
Passager408;1;2;1;3;1;1;1
Passager409;0;3;1;21;0;0;1
Passager410;0;3;0;0;3;1;1
Passager411;0;3;1;0;0;0;1
Passager412;0;3;1;0;0;0;3
Passager413;1;1;0;33;1;0;3
Passager414;0;2;1;0;0;0;1
Passager415;1;3;1;44;0;0;1
Passager416;0;3;0;0;0;0;1
Passager417;1;2;0;34;1;1;1
Passager418;1;2;0;18;0;2;1
Passager419;0;2;1;30;0;0;1
Passager420;0;3;0;10;0;2;1
Passager421;0;3;1;0;0;0;2
Passager422;0;3;1;21;0;0;3
Passager423;0;3;1;29;0;0;1
Passager424;0;3;0;28;1;1;1
Passager425;0;3;1;18;1;1;1
Passager426;0;3;1;0;0;0;1
Passager427;1;2;0;28;1;0;1
Passager428;1;2;0;19;0;0;1
Passager429;0;3;1;0;0;0;3
Passager430;1;3;1;32;0;0;1
Passager431;1;1;1;28;0;0;1
Passager432;1;3;0;0;1;0;1
Passager433;1;2;0;42;1;0;1
Passager434;0;3;1;17;0;0;1
Passager435;0;1;1;50;1;0;1
Passager436;1;1;0;14;1;2;1
Passager437;0;3;0;21;2;2;1
Passager438;1;2;0;24;2;3;1
Passager439;0;1;1;64;1;4;1
Passager440;0;2;1;31;0;0;1
Passager441;1;2;0;45;1;1;1
Passager442;0;3;1;20;0;0;1
Passager443;0;3;1;25;1;0;1
Passager444;1;2;0;28;0;0;1
Passager445;1;3;1;0;0;0;1
Passager446;1;1;1;4;0;2;1
Passager447;1;2;0;13;0;1;1
Passager448;1;1;1;34;0;0;1
Passager449;1;3;0;5;2;1;2
Passager450;1;1;1;52;0;0;1
Passager451;0;2;1;36;1;2;1
Passager452;0;3;1;0;1;0;1
Passager453;0;1;1;30;0;0;2
Passager454;1;1;1;49;1;0;2
Passager455;0;3;1;0;0;0;1
Passager456;1;3;1;29;0;0;2
Passager457;0;1;1;65;0;0;1
Passager458;1;1;0;0;1;0;1
Passager459;1;2;0;50;0;0;1
Passager460;0;3;1;0;0;0;3
Passager461;1;1;1;48;0;0;1
Passager462;0;3;1;34;0;0;1
Passager463;0;1;1;47;0;0;1
Passager464;0;2;1;48;0;0;1
Passager465;0;3;1;0;0;0;1
Passager466;0;3;1;38;0;0;1
Passager467;0;2;1;0;0;0;1
Passager468;0;1;1;56;0;0;1
Passager469;0;3;1;0;0;0;3
Passager470;1;3;0;0,75;2;1;2
Passager471;0;3;1;0;0;0;1
Passager472;0;3;1;38;0;0;1
Passager473;1;2;0;33;1;2;1
Passager474;1;2;0;23;0;0;2
Passager475;0;3;0;22;0;0;1
Passager476;0;1;1;0;0;0;1
Passager477;0;2;1;34;1;0;1
Passager478;0;3;1;29;1;0;1
Passager479;0;3;1;22;0;0;1
Passager480;1;3;0;2;0;1;1
Passager481;0;3;1;9;5;2;1
Passager482;0;2;1;0;0;0;1
Passager483;0;3;1;50;0;0;1
Passager484;1;3;0;63;0;0;1
Passager485;1;1;1;25;1;0;2
Passager486;0;3;0;0;3;1;1
Passager487;1;1;0;35;1;0;1
Passager488;0;1;1;58;0;0;2
Passager489;0;3;1;30;0;0;1
Passager490;1;3;1;9;1;1;1
Passager491;0;3;1;0;1;0;1
Passager492;0;3;1;21;0;0;1
Passager493;0;1;1;55;0;0;1
Passager494;0;1;1;71;0;0;2
Passager495;0;3;1;21;0;0;1
Passager496;0;3;1;0;0;0;2
Passager497;1;1;0;54;1;0;2
Passager498;0;3;1;0;0;0;1
Passager499;0;1;0;25;1;2;1
Passager500;0;3;1;24;0;0;1
Passager501;0;3;1;17;0;0;1
Passager502;0;3;0;21;0;0;3
Passager503;0;3;0;0;0;0;3
Passager504;0;3;0;37;0;0;1
Passager505;1;1;0;16;0;0;1
Passager506;0;1;1;18;1;0;2
Passager507;1;2;0;33;0;2;1
Passager508;1;1;1;0;0;0;1
Passager509;0;3;1;28;0;0;1
Passager510;1;3;1;26;0;0;1
Passager511;1;3;1;29;0;0;3
Passager512;0;3;1;0;0;0;1
Passager513;1;1;1;36;0;0;1
Passager514;1;1;0;54;1;0;2
Passager515;0;3;1;24;0;0;1
Passager516;0;1;1;47;0;0;1
Passager517;1;2;0;34;0;0;1
Passager518;0;3;1;0;0;0;3
Passager519;1;2;0;36;1;0;1
Passager520;0;3;1;32;0;0;1
Passager521;1;1;0;30;0;0;1
Passager522;0;3;1;22;0;0;1
Passager523;0;3;1;0;0;0;2
Passager524;1;1;0;44;0;1;2
Passager525;0;3;1;0;0;0;2
Passager526;0;3;1;40,5;0;0;3
Passager527;1;2;0;50;0;0;1
Passager528;0;1;1;0;0;0;1
Passager529;0;3;1;39;0;0;1
Passager530;0;2;1;23;2;1;1
Passager531;1;2;0;2;1;1;1
Passager532;0;3;1;0;0;0;2
Passager533;0;3;1;17;1;1;2
Passager534;1;3;0;0;0;2;2
Passager535;0;3;0;30;0;0;1
Passager536;1;2;0;7;0;2;1
Passager537;0;1;1;45;0;0;1
Passager538;1;1;0;30;0;0;2
Passager539;0;3;1;0;0;0;1
Passager540;1;1;0;22;0;2;2
Passager541;1;1;0;36;0;2;1
Passager542;0;3;0;9;4;2;1
Passager543;0;3;0;11;4;2;1
Passager544;1;2;1;32;1;0;1
Passager545;0;1;1;50;1;0;2
Passager546;0;1;1;64;0;0;1
Passager547;1;2;0;19;1;0;1
Passager548;1;2;1;0;0;0;2
Passager549;0;3;1;33;1;1;1
Passager550;1;2;1;8;1;1;1
Passager551;1;1;1;17;0;2;2
Passager552;0;2;1;27;0;0;1
Passager553;0;3;1;0;0;0;3
Passager554;1;3;1;22;0;0;2
Passager555;1;3;0;22;0;0;1
Passager556;0;1;1;62;0;0;1
Passager557;1;1;0;48;1;0;2
Passager558;0;1;1;0;0;0;2
Passager559;1;1;0;39;1;1;1
Passager560;1;3;0;36;1;0;1
Passager561;0;3;1;0;0;0;3
Passager562;0;3;1;40;0;0;1
Passager563;0;2;1;28;0;0;1
Passager564;0;3;1;0;0;0;1
Passager565;0;3;0;0;0;0;1
Passager566;0;3;1;24;2;0;1
Passager567;0;3;1;19;0;0;1
Passager568;0;3;0;29;0;4;1
Passager569;0;3;1;0;0;0;2
Passager570;1;3;1;32;0;0;1
Passager571;1;2;1;62;0;0;1
Passager572;1;1;0;53;2;0;1
Passager573;1;1;1;36;0;0;1
Passager574;1;3;0;0;0;0;3
Passager575;0;3;1;16;0;0;1
Passager576;0;3;1;19;0;0;1
Passager577;1;2;0;34;0;0;1
Passager578;1;1;0;39;1;0;1
Passager579;0;3;0;0;1;0;2
Passager580;1;3;1;32;0;0;1
Passager581;1;2;0;25;1;1;1
Passager582;1;1;0;39;1;1;2
Passager583;0;2;1;54;0;0;1
Passager584;0;1;1;36;0;0;2
Passager585;0;3;1;0;0;0;2
Passager586;1;1;0;18;0;2;1
Passager587;0;2;1;47;0;0;1
Passager588;1;1;1;60;1;1;2
Passager589;0;3;1;22;0;0;1
Passager590;0;3;1;0;0;0;1
Passager591;0;3;1;35;0;0;1
Passager592;1;1;0;52;1;0;2
Passager593;0;3;1;47;0;0;1
Passager594;0;3;0;0;0;2;3
Passager595;0;2;1;37;1;0;1
Passager596;0;3;1;36;1;1;1
Passager597;1;2;0;0;0;0;1
Passager598;0;3;1;49;0;0;1
Passager599;0;3;1;0;0;0;2
Passager600;1;1;1;49;1;0;2
Passager601;1;2;0;24;2;1;1
Passager602;0;3;1;0;0;0;1
Passager603;0;1;1;0;0;0;1
Passager604;0;3;1;44;0;0;1
Passager605;1;1;1;35;0;0;2
Passager606;0;3;1;36;1;0;1
Passager607;0;3;1;30;0;0;1
Passager608;1;1;1;27;0;0;1
Passager609;1;2;0;22;1;2;2
Passager610;1;1;0;40;0;0;1
Passager611;0;3;0;39;1;5;1
Passager612;0;3;1;0;0;0;1
Passager613;1;3;0;0;1;0;3
Passager614;0;3;1;0;0;0;3
Passager615;0;3;1;35;0;0;1
Passager616;1;2;0;24;1;2;1
Passager617;0;3;1;34;1;1;1
Passager618;0;3;0;26;1;0;1
Passager619;1;2;0;4;2;1;1
Passager620;0;2;1;26;0;0;1
Passager621;0;3;1;27;1;0;2
Passager622;1;1;1;42;1;0;1
Passager623;1;3;1;20;1;1;2
Passager624;0;3;1;21;0;0;1
Passager625;0;3;1;21;0;0;1
Passager626;0;1;1;61;0;0;1
Passager627;0;2;1;57;0;0;3
Passager628;1;1;0;21;0;0;1
Passager629;0;3;1;26;0;0;1
Passager630;0;3;1;0;0;0;3
Passager631;1;1;1;80;0;0;1
Passager632;0;3;1;51;0;0;1
Passager633;1;1;1;32;0;0;2
Passager634;0;1;1;0;0;0;1
Passager635;0;3;0;9;3;2;1
Passager636;1;2;0;28;0;0;1
Passager637;0;3;1;32;0;0;1
Passager638;0;2;1;31;1;1;1
Passager639;0;3;0;41;0;5;1
Passager640;0;3;1;0;1;0;1
Passager641;0;3;1;20;0;0;1
Passager642;1;1;0;24;0;0;2
Passager643;0;3;0;2;3;2;1
Passager644;1;3;1;0;0;0;1
Passager645;1;3;0;0,75;2;1;2
Passager646;1;1;1;48;1;0;2
Passager647;0;3;1;19;0;0;1
Passager648;1;1;1;56;0;0;2
Passager649;0;3;1;0;0;0;1
Passager650;1;3;0;23;0;0;1
Passager651;0;3;1;0;0;0;1
Passager652;1;2;0;18;0;1;1
Passager653;0;3;1;21;0;0;1
Passager654;1;3;0;0;0;0;3
Passager655;0;3;0;18;0;0;3
Passager656;0;2;1;24;2;0;1
Passager657;0;3;1;0;0;0;1
Passager658;0;3;0;32;1;1;3
Passager659;0;2;1;23;0;0;1
Passager660;0;1;1;58;0;2;2
Passager661;1;1;1;50;2;0;1
Passager662;0;3;1;40;0;0;2
Passager663;0;1;1;47;0;0;1
Passager664;0;3;1;36;0;0;1
Passager665;1;3;1;20;1;0;1
Passager666;0;2;1;32;2;0;1
Passager667;0;2;1;25;0;0;1
Passager668;0;3;1;0;0;0;1
Passager669;0;3;1;43;0;0;1
Passager670;1;1;0;0;1;0;1
Passager671;1;2;0;40;1;1;1
Passager672;0;1;1;31;1;0;1
Passager673;0;2;1;70;0;0;1
Passager674;1;2;1;31;0;0;1
Passager675;0;2;1;0;0;0;1
Passager676;0;3;1;18;0;0;1
Passager677;0;3;1;24,5;0;0;1
Passager678;1;3;0;18;0;0;1
Passager679;0;3;0;43;1;6;1
Passager680;1;1;1;36;0;1;2
Passager681;0;3;0;0;0;0;3
Passager682;1;1;1;27;0;0;2
Passager683;0;3;1;20;0;0;1
Passager684;0;3;1;14;5;2;1
Passager685;0;2;1;60;1;1;1
Passager686;0;2;1;25;1;2;2
Passager687;0;3;1;14;4;1;1
Passager688;0;3;1;19;0;0;1
Passager689;0;3;1;18;0;0;1
Passager690;1;1;0;15;0;1;1
Passager691;1;1;1;31;1;0;1
Passager692;1;3;0;4;0;1;2
Passager693;1;3;1;0;0;0;1
Passager694;0;3;1;25;0;0;2
Passager695;0;1;1;60;0;0;1
Passager696;0;2;1;52;0;0;1
Passager697;0;3;1;44;0;0;1
Passager698;1;3;0;0;0;0;3
Passager699;0;1;1;49;1;1;2
Passager700;0;3;1;42;0;0;1
Passager701;1;1;0;18;1;0;2
Passager702;1;1;1;35;0;0;1
Passager703;0;3;0;18;0;1;2
Passager704;0;3;1;25;0;0;3
Passager705;0;3;1;26;1;0;1
Passager706;0;2;1;39;0;0;1
Passager707;1;2;0;45;0;0;1
Passager708;1;1;1;42;0;0;1
Passager709;1;1;0;22;0;0;1
Passager710;1;3;1;0;1;1;2
Passager711;1;1;0;24;0;0;2
Passager712;0;1;1;0;0;0;1
Passager713;1;1;1;48;1;0;1
Passager714;0;3;1;29;0;0;1
Passager715;0;2;1;52;0;0;1
Passager716;0;3;1;19;0;0;1
Passager717;1;1;0;38;0;0;2
Passager718;1;2;0;27;0;0;1
Passager719;0;3;1;0;0;0;3
Passager720;0;3;1;33;0;0;1
Passager721;1;2;0;6;0;1;1
Passager722;0;3;1;17;1;0;1
Passager723;0;2;1;34;0;0;1
Passager724;0;2;1;50;0;0;1
Passager725;1;1;1;27;1;0;1
Passager726;0;3;1;20;0;0;1
Passager727;1;2;0;30;3;0;1
Passager728;1;3;0;0;0;0;3
Passager729;0;2;1;25;1;0;1
Passager730;0;3;0;25;1;0;1
Passager731;1;1;0;29;0;0;1
Passager732;0;3;1;11;0;0;2
Passager733;0;2;1;0;0;0;1
Passager734;0;2;1;23;0;0;1
Passager735;0;2;1;23;0;0;1
Passager736;0;3;1;28,5;0;0;1
Passager737;0;3;0;48;1;3;1
Passager738;1;1;1;35;0;0;2
Passager739;0;3;1;0;0;0;1
Passager740;0;3;1;0;0;0;1
Passager741;1;1;1;0;0;0;1
Passager742;0;1;1;36;1;0;1
Passager743;1;1;0;21;2;2;2
Passager744;0;3;1;24;1;0;1
Passager745;1;3;1;31;0;0;1
Passager746;0;1;1;70;1;1;1
Passager747;0;3;1;16;1;1;1
Passager748;1;2;0;30;0;0;1
Passager749;0;1;1;19;1;0;1
Passager750;0;3;1;31;0;0;3
Passager751;1;2;0;4;1;1;1
Passager752;1;3;1;6;0;1;1
Passager753;0;3;1;33;0;0;1
Passager754;0;3;1;23;0;0;1
Passager755;1;2;0;48;1;2;1
Passager756;1;2;1;0,67;1;1;1
Passager757;0;3;1;28;0;0;1
Passager758;0;2;1;18;0;0;1
Passager759;0;3;1;34;0;0;1
Passager760;1;1;0;33;0;0;1
Passager761;0;3;1;0;0;0;1
Passager762;0;3;1;41;0;0;1
Passager763;1;3;1;20;0;0;2
Passager764;1;1;0;36;1;2;1
Passager765;0;3;1;16;0;0;1
Passager766;1;1;0;51;1;0;1
Passager767;0;1;1;0;0;0;2
Passager768;0;3;0;30,5;0;0;3
Passager769;0;3;1;0;1;0;3
Passager770;0;3;1;32;0;0;1
Passager771;0;3;1;24;0;0;1
Passager772;0;3;1;48;0;0;1
Passager773;0;2;0;57;0;0;1
Passager774;0;3;1;0;0;0;2
Passager775;1;2;0;54;1;3;1
Passager776;0;3;1;18;0;0;1
Passager777;0;3;1;0;0;0;3
Passager778;1;3;0;5;0;0;1
Passager779;0;3;1;0;0;0;3
Passager780;1;1;0;43;0;1;1
Passager781;1;3;0;13;0;0;2
Passager782;1;1;0;17;1;0;1
Passager783;0;1;1;29;0;0;1
Passager784;0;3;1;0;1;2;1
Passager785;0;3;1;25;0;0;1
Passager786;0;3;1;25;0;0;1
Passager787;1;3;0;18;0;0;1
Passager788;0;3;1;8;4;1;3
Passager789;1;3;1;1;1;2;1
Passager790;0;1;1;46;0;0;2
Passager791;0;3;1;0;0;0;3
Passager792;0;2;1;16;0;0;1
Passager793;0;3;0;0;8;2;1
Passager794;0;1;1;0;0;0;2
Passager795;0;3;1;25;0;0;1
Passager796;0;2;1;39;0;0;1
Passager797;1;1;0;49;0;0;1
Passager798;1;3;0;31;0;0;1
Passager799;0;3;1;30;0;0;2
Passager800;0;3;0;30;1;1;1
Passager801;0;2;1;34;0;0;1
Passager802;1;2;0;31;1;1;1
Passager803;1;1;1;11;1;2;1
Passager804;1;3;1;0,42;0;1;2
Passager805;1;3;1;27;0;0;1
Passager806;0;3;1;31;0;0;1
Passager807;0;1;1;39;0;0;1
Passager808;0;3;0;18;0;0;1
Passager809;0;2;1;39;0;0;1
Passager810;1;1;0;33;1;0;1
Passager811;0;3;1;26;0;0;1
Passager812;0;3;1;39;0;0;1
Passager813;0;2;1;35;0;0;1
Passager814;0;3;0;6;4;2;1
Passager815;0;3;1;30,5;0;0;1
Passager816;0;1;1;0;0;0;1
Passager817;0;3;0;23;0;0;1
Passager818;0;2;1;31;1;1;2
Passager819;0;3;1;43;0;0;1
Passager820;0;3;1;10;3;2;1
Passager821;1;1;0;52;1;1;1
Passager822;1;3;1;27;0;0;1
Passager823;0;1;1;38;0;0;1
Passager824;1;3;0;27;0;1;1
Passager825;0;3;1;2;4;1;1
Passager826;0;3;1;0;0;0;3
Passager827;0;3;1;0;0;0;1
Passager828;1;2;1;1;0;2;2
Passager829;1;3;1;0;0;0;3
Passager830;1;1;0;62;0;0;0
Passager831;1;3;0;15;1;0;2
Passager832;1;2;1;0,83;1;1;1
Passager833;0;3;1;0;0;0;2
Passager834;0;3;1;23;0;0;1
Passager835;0;3;1;18;0;0;1
Passager836;1;1;0;39;1;1;2
Passager837;0;3;1;21;0;0;1
Passager838;0;3;1;0;0;0;1
Passager839;1;3;1;32;0;0;1
Passager840;1;1;1;0;0;0;2
Passager841;0;3;1;20;0;0;1
Passager842;0;2;1;16;0;0;1
Passager843;1;1;0;30;0;0;2
Passager844;0;3;1;34,5;0;0;2
Passager845;0;3;1;17;0;0;1
Passager846;0;3;1;42;0;0;1
Passager847;0;3;1;0;8;2;1
Passager848;0;3;1;35;0;0;2
Passager849;0;2;1;28;0;1;1
Passager850;1;1;0;0;1;0;2
Passager851;0;3;1;4;4;2;1
Passager852;0;3;1;74;0;0;1
Passager853;0;3;0;9;1;1;2
Passager854;1;1;0;16;0;1;1
Passager855;0;2;0;44;1;0;1
Passager856;1;3;0;18;0;1;1
Passager857;1;1;0;45;1;1;1
Passager858;1;1;1;51;0;0;1
Passager859;1;3;0;24;0;3;2
Passager860;0;3;1;0;0;0;2
Passager861;0;3;1;41;2;0;1
Passager862;0;2;1;21;1;0;1
Passager863;1;1;0;48;0;0;1
Passager864;0;3;0;0;8;2;1
Passager865;0;2;1;24;0;0;1
Passager866;1;2;0;42;0;0;1
Passager867;1;2;0;27;1;0;2
Passager868;0;1;1;31;0;0;1
Passager869;0;3;1;0;0;0;1
Passager870;1;3;1;4;1;1;1
Passager871;0;3;1;26;0;0;1
Passager872;1;1;0;47;1;1;1
Passager873;0;1;1;33;0;0;1
Passager874;0;3;1;47;0;0;1
Passager875;1;2;0;28;1;0;2
Passager876;1;3;0;15;0;0;2
Passager877;0;3;1;20;0;0;1
Passager878;0;3;1;19;0;0;1
Passager879;0;3;1;0;0;0;1
Passager880;1;1;0;56;0;1;2
Passager881;1;2;0;25;0;1;1
Passager882;0;3;1;33;0;0;1
Passager883;0;3;0;22;0;0;1
Passager884;0;2;1;28;0;0;1
Passager885;0;3;1;25;0;0;1
Passager886;0;3;0;39;0;5;3
Passager887;0;2;1;27;0;0;1
Passager888;1;1;0;19;0;0;1
Passager889;0;3;0;0;1;2;1
Passager890;1;1;1;26;0;0;2
Passager891;0;3;1;32;0;0;3
